Depth (m),Inclination (º),Azimuth (º),TVD (m),X-offset (m),Y-offset (m)
25.0,0.07,188.4,25.0,0.0,-0.02
50.0,0.09,80.7,50.0,0.02,-0.03
75.0,0.28,36.1,75.0,0.07,0.03
100.0,0.25,16.9,100.0,0.12,0.13
125.0,0.3,81.4,125.0,0.2,0.2
150.0,0.77,74.3,150.0,0.42,0.26
175.0,1.53,56.9,174.99,0.85,0.5
200.0,2.89,45.6,199.97,1.56,1.15
225.0,4.3,51.0,224.92,2.71,2.22
250.0,6.2,62.2,249.82,4.59,3.5
275.0,8.59,63.6,274.61,7.41,5.05
300.0,9.9,65.1,299.28,10.97,6.91
325.0,11.76,65.5,323.84,15.17,9.01
350.0,13.12,65.4,348.25,19.99,11.4
375.0,13.87,63.7,372.56,25.17,14.08
400.0,15.28,61.5,396.76,30.66,17.17
425.0,15.84,59.6,420.84,36.38,20.65
450.0,17.54,57.6,444.79,42.38,24.6
475.0,18.14,56.2,468.58,48.65,28.99
500.0,19.54,56.9,492.24,55.24,33.66
525.0,21.23,58.7,515.68,62.46,38.53
550.0,21.26,58.7,538.98,70.04,43.49
575.0,23.5,57.5,562.09,77.94,48.79
600.0,24.18,56.1,584.96,86.21,54.6
625.0,25.52,56.7,607.65,94.77,60.69
650.0,26.48,55.7,630.11,103.67,67.09
675.0,27.55,56.9,652.39,112.9,73.69
700.0,29.27,56.4,674.38,122.62,80.56
725.0,31.33,56.5,695.96,132.89,87.87
750.0,33.23,56.3,717.09,143.77,95.62
775.0,34.64,56.8,737.84,155.15,103.69
800.0,34.86,56.3,758.38,166.78,111.93
825.0,34.57,56.3,778.93,178.35,120.22
850.0,34.81,56.9,799.48,189.97,128.43
875.0,34.14,57.1,820.09,201.58,136.53
900.0,34.45,56.9,840.75,213.13,144.58
925.0,35.02,57.1,861.29,224.82,152.73
950.0,35.72,56.9,881.68,236.69,161.01
975.0,36.38,55.9,901.89,248.67,169.55
1000.0,35.58,54.1,922.12,260.41,178.36
1025.0,34.87,54.5,942.54,271.84,187.16
1050.0,34.43,54.4,963.11,283.13,195.8
1075.0,34.72,52.9,983.69,294.27,204.58
1100.0,35.38,52.0,1004.16,305.36,213.7
1125.0,34.4,51.9,1024.67,316.32,222.87
1150.0,33.33,51.7,1045.42,326.98,231.84
1175.0,33.11,50.7,1066.34,337.37,240.77
1200.0,32.25,52.0,1087.38,347.63,249.55
1225.0,30.99,51.9,1108.67,357.68,257.96
1250.0,30.37,53.5,1130.17,367.56,266.02
1275.0,30.84,53.1,1151.69,377.51,273.96
1300.0,29.36,55.9,1173.32,387.47,281.57
1325.0,29.16,55.4,1195.13,397.32,288.8
1350.0,31.33,54.7,1216.72,407.4,296.35
1375.0,32.83,55.2,1237.9,418.01,304.32
1400.0,33.3,55.2,1258.86,428.95,312.47
1425.0,33.96,54.6,1279.67,440.01,320.8
1450.0,34.39,56.9,1300.36,451.35,329.08
1475.0,34.6,58.2,1320.96,463.04,337.06
1500.0,34.39,60.5,1341.57,474.98,344.68
1525.0,34.77,62.0,1362.15,487.18,351.91
1550.0,34.84,62.6,1382.68,499.59,358.95
1575.0,35.8,63.6,1403.08,512.26,365.91
1600.0,35.83,64.8,1423.35,525.22,372.71
1625.0,36.33,66.0,1443.55,538.39,379.27
1650.0,36.73,67.2,1463.64,551.85,385.63
1675.0,37.28,68.5,1483.61,565.59,391.75
1700.0,37.28,68.1,1503.5,579.47,397.81
1725.0,36.78,68.3,1523.46,593.26,403.86
1740.0,36.38,68.6,1535.5,601.46,407.41
1750.0,35.21,68.1,1543.61,606.82,409.75
1775.0,33.4,68.4,1564.26,619.73,415.4
1800.0,32.46,69.0,1585.25,632.22,420.75
1825.0,33.28,68.8,1606.24,644.71,426.05
1850.0,33.66,68.9,1627.1,657.4,431.44
1875.0,33.99,68.5,1647.87,670.19,436.92
1900.0,34.66,67.1,1668.51,683.06,442.68
1925.0,34.37,65.4,1689.11,695.83,448.8
1950.0,33.36,64.1,1709.87,708.23,455.15
1975.0,32.76,63.3,1730.83,720.25,461.59
2000.0,32.02,62.6,1751.94,731.97,468.07
2025.0,31.74,62.6,1773.16,743.49,474.53
2050.0,31.25,62.2,1794.48,754.86,480.96
2075.0,30.84,62.2,1815.9,766.06,487.34
2100.0,31.0,62.5,1837.35,777.23,493.68
2125.0,32.29,62.7,1858.63,788.67,500.09
2150.0,32.14,62.7,1879.78,800.31,506.59
2175.0,31.9,62.5,1900.98,811.87,513.07
2200.0,31.58,62.7,1922.24,823.34,519.51
2225.0,30.66,63.1,1943.64,834.64,525.77
2250.0,30.04,64.2,1965.22,845.77,531.74
2275.0,30.45,64.3,1986.81,856.93,537.59
2300.0,30.09,64.9,2008.4,868.13,543.36
2325.0,29.76,65.3,2030.07,879.26,548.98
2350.0,29.99,65.0,2051.75,890.38,554.58
2375.0,30.41,64.5,2073.36,901.57,560.32
2400.0,31.36,63.7,2094.81,912.92,566.3
2451.8,32.0,63.9,2138.89,936.93,579.11
2479.9,29.9,65.2,2162.99,949.76,585.75
2508.0,28.8,65.4,2187.48,962.08,591.91
2536.8,28.3,65.9,2212.78,974.42,598.0
2564.9,28.3,65.7,2237.52,986.39,603.86
2592.9,27.8,65.9,2262.23,998.21,609.64
2621.1,26.9,66.4,2287.28,1009.88,615.27
2649.1,26.1,67.4,2312.34,1021.21,620.55
2677.2,25.5,68.4,2337.64,1032.38,625.52
2705.3,25.3,68.9,2363.02,1043.46,630.28
2733.3,25.1,67.9,2388.36,1054.39,635.03
2742.7,24.8,67.9,2396.88,1058.01,636.64
2751.0,24.8,67.9,2404.41,1061.19,638.05
