unit,top_md_m,bottom_md_m,anomaly_code,top_tvd_m,bottom_tvd_m
Upper North Sea Group,0.0,492.0,,0.0,484.6688
Rupel Formation,492.0,627.0,,484.6688,609.4467999999999
Nieuwerkerk Formation,627.0,772.0,,609.4467999999999,735.35
Lower Brabant Limestone Member,772.0,885.0,,735.35,828.354
Upper Werkendam Member,885.0,1121.0,,828.354,1021.3884
Middle Werkendam Member,1121.0,1239.0,,1021.3884,1120.71
Lower Werkendam Member,1239.0,1323.41,,1120.71,1193.7428840000002
Posidonia Shale Formation,1323.41,1327.0,,1193.7428840000002,1196.8572000000001
Posidonia Shale Formation,1327.0,1362.68,,1196.8572000000001,1227.462496
Fault,1327.0,1327.0,,1196.8572000000001,1196.8572000000001
Aalburg Formation,1362.68,1783.5,,1227.462496,1571.3966
Sleen Formation,1783.5,1808.5,,1571.3966,1592.3866
Upper Keuper Claystone Member,1808.5,1813.0,,1592.3866,1596.1648
Dolomitic Keuper Member,1813.0,1865.0,,1596.1648,1639.562
Red Keuper Claystone Member,1865.0,1890.0,,1639.562,1660.254
Middle Muschelkalk Marl Member,1890.0,1894.0,,1660.254,1663.5564
Muschelkalk Evaporite Member,1894.0,1900.0,,1663.5564,1668.51
Lower Muschelkalk Member,1900.0,1951.0,,1668.51,1710.7084
Upper Röt Fringe Claystone Member,1951.0,1971.0,,1710.7084,1727.4764
Röt Fringe Sandstone Member,1971.0,2020.0,,1727.4764,1768.9160000000002
Lower Röt Fringe Claystone Member,2020.0,2077.0,,1768.9160000000002,1817.616
Solling Claystone Member,2077.0,2085.0,,1817.616,1824.48
Basal Solling Sandstone Member,2085.0,2089.0,,1824.48,1827.912
Volpriehausen Clay-Siltstone Member,2089.0,2150.0,,1827.912,1879.78
Lower Volpriehausen Sandstone Member,2150.0,2189.0,,1879.78,1912.8856
Rogenstein Member,2189.0,2320.0,,1912.8856,2025.7359999999999
Main Claystone Member,2320.0,2473.0,,2025.7359999999999,2157.0722064056936
Zechstein Upper Claystone Formation,2473.0,2495.0,,2157.0722064056936,2176.150106761566
Z3 Carbonate Member,2495.0,2496.0,,2176.150106761566,2177.021637010676
Grey Salt Clay Member,2496.0,2498.0,,2177.021637010676,2178.764697508897
Z2 Middle Claystone Member,2498.0,2505.0,,2178.764697508897,2184.865409252669
Z1 Middle Claystone Member,2505.0,2510.0,,2184.865409252669,2189.2369444444444
Z1 Fringe Carbonate Member,2510.0,2530.5,,2189.2369444444444,2207.245625
Slochteren Formation,2530.5,2603.5,,2207.245625,2271.6459574468086
Hellevoetsluis Formation,2603.5,2751.0,TD,2271.6459574468086,2404.41
