curve,n_anomalies,pct_of_valid,anom_min,anom_max,curve_normal_min,curve_normal_max
CALI,200,1.0,9.024102,16.29846,6.810575,15.44002
DRHO,199,1.0,0.04202612,0.2075813,-0.04543565,0.04173723
DTC,242,1.0,46.70472,178.0374,48.39745,172.6082
DTS,197,0.99,82.95324,312.0899,85.5669,257.0268
DTST,196,1.0,196.4865,349.9424,197.5328,307.1493
GR,273,1.0,173.4442,254.5589,6.659416,173.2301
GRKT,271,0.99,2.355541,122.0581,5.115572,100.8439
GRTO,273,1.0,176.6284,276.6277,9.891947,176.8533
NPHI,271,0.99,-0.01735793,0.6975694,0.01326548,0.6058863
PE,195,0.98,1.588017,5.237186,1.995449,4.884114
POTA,272,1.0,0.1305262,4.707102,0.2117355,3.928412
RD,250,0.99,236.9048,2451.411,0.49,234.3318
RHOB,198,0.99,1.563823,2.970271,2.189851,2.902281
RM,253,1.0,159.6793,1195.558,0.4642922,165.3901
RS,248,0.98,386.3802,1610.648,0.4309078,664.1542
THOR,272,1.0,0.007105741,19.5514,0.04414305,14.75917
URAN,274,1.0,7.823813,17.15998,0.0,7.848372
